Method,Overall_Coverage_%,Joint_Coverage_%,Mean_Width,Median_Width
Split_Conformal,73.4090909090909,15.909090909090908,25.09568113048178,24.231292850949934
CQR,67.38636363636363,10.0,22.21374600312957,21.236863391708383
