product,optimal_allocation
Camarao 36/40 120G,11687.813355114262
Camarao 36/40 200G,21232.178011437503
FILE DE TILAPIA 170G,10341.964593857309
File de Robalo 170G,6788.006039999698
File de robalo (moqueca) 300G,4031.700253157012
Fileto 100G,9330.906526332783
Parmegiana 150G,5656.362137976392
Tournedour 150G,10167.570514105188
