product,optimal_allocation
Camarao 36/40 120G,10369.797367790832
Camarao 36/40 200G,19804.638295216002
FILE DE TILAPIA 170G,8481.82222770687
File de Robalo 170G,5376.05608164568
File de robalo (moqueca) 300G,1762.1635442612678
Fileto 100G,8003.778780496988
Parmegiana 150G,4058.9168359988935
TILAPIA 300G,664.0563349156997
Tournedour 150G,8514.438839718669
