MAE,RMSE,MAPE,Coverage (%),Avg Interval Width,CVaR Cost,Mean Baseline Cost,Newsvendor Cost,Quantile Cost,CVaR Service Level (%),Savings vs Mean (%),Savings vs Newsvendor (%)
8.714761820653345,12.906899494213379,183.33211022456882,95.91633466135458,44.45764693668362,75358.50429594045,6396.662292749797,92806.47273307896,154609.44161305943,100.0,-1078.0910238352653,18.800378813362162
