MAE,RMSE,MAPE,Coverage (%),Avg Interval Width,CVaR Cost,Mean Baseline Cost,Newsvendor Cost,Quantile Cost,CVaR Service Level (%),Savings vs Mean (%),Savings vs Newsvendor (%)
7.7854470748979585,12.178179619954712,161.53767377484883,71.35900841080124,20.859032338972735,37913.00492325271,7524.890487923157,45991.243902160146,78613.16593936432,100.0,-403.83464030606194,17.56473253059375
