method,joint_coverage_%,marginal_coverage_%,mean_interval_width,median_interval_width,total_interval_width
Marginal,22.31075697211155,77.29083665338645,22.273944728995055,22.558124496427205,50316.84114279983
Copula,17.928286852589643,77.64497565294378,23.376498124306995,23.736670432448676,52807.5092628095
